frequency,raw,error,smoothed,error_smoothed,equalization,parametric_eq,fixed_band_eq,equalized_raw,equalized_smoothed,target
20.00,-7.07,-12.84,-7.07,-12.83,6.00,5.32,2.69,-1.07,-1.07,5.77
20.20,-6.93,-12.73,-6.93,-12.73,6.00,5.34,2.77,-0.93,-0.93,5.80
20.40,-6.79,-12.61,-6.79,-12.62,6.00,5.37,2.84,-0.79,-0.79,5.83
20.61,-6.65,-12.50,-6.65,-12.50,6.00,5.40,2.93,-0.65,-0.65,5.85
20.81,-6.51,-12.38,-6.51,-12.39,6.00,5.43,3.01,-0.51,-0.51,5.88
21.02,-6.37,-12.28,-6.37,-12.27,6.00,5.47,3.10,-0.37,-0.37,5.91
21.23,-6.22,-12.14,-6.22,-12.14,6.00,5.50,3.19,-0.22,-0.22,5.92
21.44,-6.07,-11.99,-6.07,-12.00,6.00,5.54,3.28,-0.07,-0.07,5.93
21.66,-5.92,-11.86,-5.92,-11.85,6.00,5.57,3.37,0.08,0.08,5.94
21.87,-5.77,-11.70,-5.77,-11.71,6.00,5.61,3.47,0.23,0.23,5.94
22.09,-5.62,-11.56,-5.62,-11.56,6.00,5.65,3.57,0.38,0.38,5.95
22.31,-5.47,-11.41,-5.47,-11.41,6.00,5.69,3.68,0.53,0.53,5.95
22.54,-5.32,-11.27,-5.32,-11.26,6.00,5.73,3.78,0.68,0.68,5.95
22.76,-5.17,-11.11,-5.17,-11.11,6.00,5.77,3.89,0.83,0.83,5.95
22.99,-5.02,-10.96,-5.03,-10.97,6.00,5.81,4.00,0.98,0.97,5.94
23.22,-4.91,-10.85,-4.91,-10.84,6.00,5.85,4.11,1.09,1.09,5.94
23.45,-4.80,-10.73,-4.80,-10.73,6.00,5.90,4.23,1.20,1.20,5.94
23.69,-4.69,-10.63,-4.69,-10.63,6.00,5.94,4.35,1.31,1.31,5.94
23.92,-4.58,-10.51,-4.57,-10.51,6.00,5.98,4.47,1.42,1.43,5.94
24.16,-4.44,-10.37,-4.43,-10.37,6.00,6.02,4.59,1.56,1.57,5.94
24.40,-4.28,-10.21,-4.29,-10.22,6.00,6.07,4.72,1.72,1.71,5.94
24.65,-4.13,-10.06,-4.13,-10.06,6.00,6.11,4.84,1.87,1.87,5.93
24.89,-3.98,-9.90,-3.98,-9.90,6.00,6.15,4.97,2.02,2.02,5.93
25.14,-3.83,-9.75,-3.83,-9.75,6.00,6.18,5.10,2.17,2.17,5.93
25.39,-3.68,-9.60,-3.68,-9.60,6.00,6.22,5.23,2.32,2.32,5.93
25.65,-3.53,-9.46,-3.53,-9.45,6.00,6.25,5.36,2.47,2.47,5.93
25.91,-3.38,-9.30,-3.38,-9.30,6.00,6.28,5.50,2.62,2.62,5.92
26.16,-3.24,-9.15,-3.24,-9.16,6.00,6.30,5.63,2.76,2.76,5.92
26.43,-3.10,-9.02,-3.10,-9.02,6.00,6.32,5.76,2.90,2.90,5.92
26.69,-2.96,-8.88,-2.96,-8.88,6.00,6.33,5.89,3.04,3.04,5.92
26.96,-2.82,-8.74,-2.82,-8.74,6.00,6.35,6.02,3.18,3.18,5.92
27.23,-2.68,-8.59,-2.68,-8.59,6.00,6.35,6.14,3.32,3.32,5.91
27.50,-2.54,-8.45,-2.53,-8.44,6.00,6.35,6.26,3.46,3.47,5.91
27.77,-2.40,-8.29,-2.40,-8.30,6.00,6.34,6.38,3.60,3.60,5.90
28.05,-2.28,-8.18,-2.29,-8.19,6.00,6.33,6.49,3.72,3.71,5.90
28.33,-2.21,-8.10,-2.21,-8.10,6.00,6.31,6.60,3.79,3.79,5.89
28.62,-2.14,-8.03,-2.14,-8.02,6.00,6.29,6.70,3.86,3.86,5.89
28.90,-2.07,-7.95,-2.06,-7.94,6.00,6.25,6.79,3.93,3.94,5.89
29.19,-1.96,-7.84,-1.96,-7.83,6.00,6.22,6.87,4.04,4.04,5.88
29.48,-1.83,-7.70,-1.83,-7.71,6.00,6.18,6.94,4.17,4.17,5.88
29.78,-1.70,-7.57,-1.70,-7.57,6.00,6.13,7.01,4.30,4.30,5.87
30.08,-1.57,-7.44,-1.57,-7.44,6.00,6.08,7.05,4.43,4.43,5.87
30.38,-1.45,-7.31,-1.45,-7.31,6.00,6.03,7.10,4.55,4.55,5.86
30.68,-1.33,-7.19,-1.33,-7.18,6.00,5.97,7.12,4.67,4.67,5.86
30.99,-1.22,-7.07,-1.22,-7.07,6.00,5.91,7.14,4.78,4.78,5.85
31.30,-1.12,-6.96,-1.12,-6.96,6.00,5.84,7.14,4.88,4.88,5.84
31.61,-1.03,-6.87,-1.02,-6.86,6.00,5.77,7.13,4.97,4.98,5.84
31.93,-0.93,-6.76,-0.94,-6.76,6.00,5.70,7.10,5.07,5.06,5.83
32.24,-0.85,-6.66,-0.85,-6.67,6.00,5.64,7.07,5.15,5.15,5.82
32.57,-0.78,-6.60,-0.77,-6.59,6.00,5.56,7.01,5.22,5.23,5.82
32.89,-0.70,-6.50,-0.70,-6.51,6.01,5.49,6.96,5.31,5.31,5.81
33.22,-0.63,-6.43,-0.63,-6.43,6.02,5.42,6.88,5.39,5.39,5.80
33.55,-0.56,-6.35,-0.56,-6.35,6.03,5.35,6.80,5.47,5.47,5.80
33.89,-0.48,-6.27,-0.48,-6.27,6.02,5.27,6.71,5.54,5.53,5.79
34.23,-0.41,-6.19,-0.41,-6.19,5.99,5.20,6.61,5.57,5.57,5.78
34.57,-0.33,-6.10,-0.33,-6.10,5.94,5.13,6.50,5.61,5.61,5.77
34.92,-0.25,-6.01,-0.24,-5.99,5.89,5.06,6.39,5.64,5.65,5.76
35.27,-0.11,-5.86,-0.09,-5.84,5.82,4.99,6.26,5.71,5.73,5.75
35.62,0.05,-5.69,0.05,-5.69,5.75,4.92,6.14,5.80,5.80,5.74
35.97,0.21,-5.52,0.17,-5.56,5.66,4.85,6.01,5.87,5.82,5.73
36.33,0.23,-5.49,0.22,-5.49,5.55,4.78,5.88,5.78,5.77,5.72
36.70,0.25,-5.46,0.26,-5.44,5.42,4.71,5.74,5.67,5.69,5.71
37.06,0.29,-5.40,0.33,-5.36,5.29,4.65,5.61,5.58,5.62,5.70
37.43,0.47,-5.21,0.46,-5.22,5.16,4.58,5.47,5.63,5.62,5.69
37.81,0.64,-5.04,0.63,-5.05,5.03,4.51,5.33,5.66,5.65,5.68
38.19,0.81,-4.86,0.81,-4.86,4.89,4.45,5.19,5.70,5.70,5.67
38.57,0.96,-4.70,0.97,-4.69,4.73,4.39,5.05,5.69,5.70,5.66
38.95,1.12,-4.52,1.11,-4.54,4.57,4.32,4.91,5.69,5.68,5.65
39.34,1.23,-4.39,1.22,-4.40,4.40,4.26,4.78,5.64,5.63,5.63
39.74,1.33,-4.29,1.34,-4.27,4.25,4.20,4.64,5.58,5.59,5.62
40.14,1.46,-4.15,1.48,-4.13,4.11,4.14,4.51,5.57,5.59,5.61
40.54,1.63,-3.97,1.63,-3.97,3.98,4.08,4.37,5.61,5.61,5.60
40.94,1.80,-3.79,1.77,-3.82,3.86,4.01,4.24,5.66,5.63,5.59
41.35,1.88,-3.70,1.88,-3.69,3.73,3.95,4.12,5.61,5.62,5.58
41.76,1.96,-3.60,1.97,-3.59,3.60,3.89,3.99,5.56,5.57,5.57
42.18,2.05,-3.50,2.05,-3.51,3.46,3.84,3.87,5.51,5.51,5.56
42.60,2.17,-3.37,2.16,-3.38,3.31,3.78,3.75,5.49,5.48,5.55
43.03,2.29,-3.25,2.32,-3.21,3.17,3.72,3.63,5.46,5.49,5.54
43.46,2.49,-3.03,2.49,-3.02,3.02,3.66,3.51,5.51,5.51,5.52
43.90,2.69,-2.81,2.66,-2.84,2.87,3.60,3.40,5.56,5.53,5.50
44.33,2.81,-2.66,2.81,-2.67,2.71,3.54,3.29,5.52,5.52,5.48
44.78,2.91,-2.55,2.92,-2.54,2.56,3.48,3.18,5.47,5.48,5.46
45.23,3.01,-2.43,3.01,-2.42,2.42,3.42,3.07,5.43,5.43,5.44
45.68,3.12,-2.31,3.12,-2.31,2.29,3.36,2.97,5.41,5.41,5.43
46.13,3.22,-2.18,3.23,-2.18,2.18,3.30,2.87,5.40,5.41,5.41
46.60,3.33,-2.07,3.33,-2.06,2.08,3.24,2.77,5.41,5.41,5.40
47.06,3.42,-1.96,3.39,-1.98,1.99,3.18,2.68,5.41,5.38,5.38
47.53,3.44,-1.92,3.44,-1.92,1.90,3.12,2.58,5.34,5.34,5.36
48.01,3.46,-1.89,3.49,-1.85,1.82,3.05,2.49,5.28,5.31,5.35
48.49,3.55,-1.77,3.55,-1.76,1.75,2.99,2.40,5.30,5.30,5.32
48.97,3.64,-1.65,3.61,-1.68,1.69,2.93,2.32,5.33,5.30,5.29
49.46,3.65,-1.61,3.65,-1.60,1.64,2.86,2.23,5.29,5.29,5.26
49.96,3.65,-1.58,3.66,-1.57,1.59,2.80,2.15,5.24,5.25,5.23
50.46,3.65,-1.56,3.65,-1.55,1.56,2.74,2.07,5.21,5.21,5.21
50.96,3.65,-1.54,3.65,-1.53,1.52,2.67,1.99,5.17,5.17,5.19
51.47,3.65,-1.51,3.65,-1.51,1.49,2.60,1.91,5.14,5.14,5.16
51.99,3.65,-1.49,3.65,-1.49,1.47,2.53,1.83,5.12,5.12,5.14
52.51,3.65,-1.47,3.65,-1.46,1.45,2.47,1.76,5.10,5.10,5.12
53.03,3.65,-1.45,3.65,-1.44,1.43,2.40,1.68,5.08,5.08,5.10
53.56,3.65,-1.42,3.65,-1.41,1.42,2.33,1.61,5.07,5.07,5.07
54.10,3.65,-1.40,3.66,-1.38,1.41,2.25,1.54,5.06,5.07,5.05
54.64,3.65,-1.37,3.64,-1.38,1.42,2.18,1.47,5.07,5.05,5.02
55.18,3.61,-1.39,3.58,-1.42,1.44,2.11,1.40,5.05,5.01,5.00
55.74,3.48,-1.48,3.51,-1.45,1.47,2.03,1.33,4.95,4.98,4.97
56.29,3.42,-1.53,3.45,-1.50,1.51,1.96,1.27,4.93,4.96,4.95
56.86,3.42,-1.51,3.37,-1.55,1.55,1.88,1.20,4.97,4.92,4.93
57.42,3.32,-1.58,3.30,-1.59,1.58,1.80,1.14,4.90,4.89,4.90
58.00,3.19,-1.69,3.24,-1.64,1.61,1.72,1.07,4.80,4.85,4.88
58.58,3.19,-1.67,3.19,-1.67,1.63,1.64,1.01,4.82,4.82,4.86
59.16,3.19,-1.65,3.18,-1.66,1.63,1.56,0.95,4.82,4.81,4.84
59.76,3.19,-1.63,3.19,-1.62,1.62,1.47,0.88,4.81,4.81,4.82
60.35,3.19,-1.60,3.19,-1.60,1.60,1.39,0.82,4.79,4.79,4.79
60.96,3.19,-1.57,3.19,-1.56,1.57,1.30,0.76,4.76,4.76,4.76
61.57,3.19,-1.53,3.19,-1.53,1.54,1.21,0.70,4.73,4.73,4.72
62.18,3.19,-1.50,3.19,-1.50,1.52,1.12,0.64,4.71,4.71,4.69
62.80,3.19,-1.47,3.19,-1.46,1.49,1.03,0.58,4.68,4.68,4.66
63.43,3.19,-1.44,3.19,-1.44,1.46,0.94,0.51,4.65,4.65,4.63
64.07,3.19,-1.41,3.19,-1.41,1.42,0.84,0.45,4.61,4.61,4.60
64.71,3.19,-1.39,3.18,-1.40,1.37,0.75,0.39,4.56,4.54,4.58
65.35,3.19,-1.36,3.18,-1.36,1.30,0.65,0.33,4.49,4.48,4.55
66.01,3.19,-1.33,3.23,-1.28,1.22,0.55,0.27,4.41,4.45,4.52
66.67,3.34,-1.15,3.35,-1.14,1.13,0.45,0.21,4.46,4.47,4.49
67.33,3.50,-0.95,3.48,-0.97,1.01,0.35,0.15,4.52,4.50,4.46
68.01,3.65,-0.78,3.60,-0.82,0.88,0.25,0.08,4.53,4.49,4.43
68.69,3.66,-0.74,3.69,-0.71,0.74,0.14,0.02,4.40,4.42,4.40
69.37,3.75,-0.61,3.77,-0.59,0.57,0.04,-0.04,4.32,4.34,4.37
70.07,3.89,-0.45,3.88,-0.45,0.39,-0.07,-0.11,4.28,4.28,4.34
70.77,4.05,-0.26,4.04,-0.26,0.22,-0.18,-0.17,4.27,4.26,4.31
71.48,4.21,-0.07,4.21,-0.06,0.05,-0.29,-0.23,4.26,4.26,4.28
72.19,4.38,0.14,4.38,0.15,-0.11,-0.40,-0.30,4.27,4.27,4.24
72.91,4.54,0.34,4.55,0.35,-0.28,-0.52,-0.37,4.26,4.28,4.21
73.64,4.71,0.54,4.69,0.52,-0.45,-0.63,-0.43,4.27,4.24,4.17
74.38,4.79,0.65,4.75,0.62,-0.61,-0.75,-0.50,4.18,4.14,4.14
75.12,4.80,0.70,4.82,0.72,-0.77,-0.86,-0.57,4.03,4.05,4.10
75.87,4.84,0.78,4.91,0.84,-0.92,-0.98,-0.64,3.92,3.99,4.07
76.63,5.07,1.04,5.04,1.01,-1.06,-1.10,-0.71,4.01,3.99,4.04
77.40,5.24,1.23,5.21,1.21,-1.19,-1.22,-0.78,4.05,4.03,4.01
78.17,5.34,1.38,5.35,1.38,-1.32,-1.34,-0.85,4.02,4.04,3.97
78.95,5.46,1.52,5.43,1.49,-1.45,-1.46,-0.92,4.01,3.98,3.94
79.74,5.47,1.57,5.50,1.59,-1.58,-1.58,-1.00,3.89,3.91,3.91
80.54,5.55,1.68,5.56,1.70,-1.71,-1.70,-1.07,3.84,3.85,3.87
81.35,5.65,1.81,5.63,1.80,-1.84,-1.82,-1.15,3.81,3.79,3.84
82.16,5.72,1.92,5.72,1.92,-1.96,-1.94,-1.22,3.76,3.76,3.80
82.98,5.80,2.03,5.82,2.05,-2.08,-2.06,-1.30,3.73,3.74,3.77
83.81,5.91,2.18,5.93,2.21,-2.20,-2.18,-1.38,3.71,3.74,3.73
84.65,6.07,2.38,6.04,2.35,-2.32,-2.30,-1.46,3.75,3.72,3.69
85.50,6.15,2.49,6.11,2.46,-2.44,-2.41,-1.55,3.71,3.67,3.66
86.35,6.15,2.53,6.19,2.57,-2.56,-2.53,-1.63,3.59,3.63,3.62
87.22,6.20,2.62,6.25,2.67,-2.67,-2.65,-1.72,3.53,3.58,3.58
88.09,6.38,2.84,6.32,2.78,-2.78,-2.76,-1.81,3.60,3.54,3.54
88.97,6.38,2.88,6.36,2.87,-2.88,-2.87,-1.89,3.50,3.48,3.50
89.86,6.38,2.92,6.40,2.95,-2.97,-2.98,-1.98,3.41,3.43,3.46
90.76,6.40,2.99,6.44,3.04,-3.05,-3.09,-2.08,3.35,3.39,3.41
91.66,6.54,3.17,6.52,3.15,-3.14,-3.19,-2.17,3.40,3.38,3.37
92.58,6.61,3.29,6.58,3.26,-3.22,-3.29,-2.27,3.39,3.36,3.32
93.51,6.61,3.33,6.62,3.34,-3.31,-3.39,-2.36,3.30,3.31,3.28
94.44,6.61,3.37,6.61,3.38,-3.40,-3.49,-2.46,3.21,3.21,3.24
95.39,6.61,3.42,6.62,3.43,-3.49,-3.58,-2.56,3.12,3.13,3.19
96.34,6.64,3.50,6.67,3.54,-3.58,-3.66,-2.66,3.06,3.10,3.14
97.30,6.75,3.66,6.74,3.66,-3.66,-3.75,-2.76,3.09,3.08,3.09
98.28,6.84,3.80,6.81,3.77,-3.73,-3.83,-2.86,3.11,3.07,3.04
99.26,6.84,3.84,6.85,3.85,-3.81,-3.90,-2.96,3.03,3.04,3.00
100.25,6.84,3.89,6.85,3.90,-3.88,-3.97,-3.07,2.96,2.97,2.95
101.25,6.84,3.94,6.84,3.94,-3.95,-4.03,-3.17,2.89,2.89,2.90
102.27,6.84,3.99,6.84,3.99,-4.02,-4.09,-3.27,2.82,2.82,2.85
103.29,6.84,4.04,6.84,4.04,-4.07,-4.15,-3.38,2.77,2.77,2.80
104.32,6.84,4.08,6.84,4.09,-4.11,-4.20,-3.48,2.73,2.73,2.76
105.37,6.84,4.13,6.84,4.13,-4.14,-4.24,-3.58,2.70,2.70,2.71
106.42,6.84,4.18,6.85,4.20,-4.16,-4.28,-3.68,2.68,2.69,2.66
107.48,6.84,4.23,6.84,4.23,-4.18,-4.31,-3.78,2.66,2.66,2.61
108.56,6.84,4.28,6.79,4.23,-4.20,-4.34,-3.88,2.64,2.59,2.56
109.64,6.69,4.18,6.71,4.21,-4.22,-4.37,-3.98,2.47,2.49,2.51
110.74,6.61,4.15,6.64,4.19,-4.24,-4.38,-4.06,2.37,2.40,2.46
111.85,6.61,4.20,6.60,4.20,-4.27,-4.40,-4.15,2.34,2.33,2.41
112.97,6.61,4.26,6.60,4.25,-4.30,-4.41,-4.23,2.31,2.31,2.35
114.10,6.61,4.31,6.61,4.32,-4.32,-4.41,-4.32,2.29,2.29,2.30
115.24,6.61,4.37,6.62,4.39,-4.34,-4.41,-4.39,2.27,2.28,2.24
116.39,6.61,4.42,6.60,4.42,-4.37,-4.41,-4.46,2.24,2.24,2.19
117.55,6.60,4.47,6.55,4.42,-4.39,-4.39,-4.51,2.21,2.16,2.13
118.73,6.44,4.36,6.49,4.41,-4.39,-4.38,-4.57,2.05,2.09,2.08
119.92,6.38,4.35,6.40,4.38,-4.38,-4.37,-4.61,2.00,2.02,2.03
121.12,6.37,4.39,6.31,4.33,-4.36,-4.35,-4.66,2.01,1.96,1.98
122.33,6.23,4.30,6.26,4.33,-4.32,-4.32,-4.68,1.91,1.94,1.93
123.55,6.15,4.27,6.18,4.30,-4.30,-4.30,-4.71,1.85,1.88,1.88
124.79,6.15,4.32,6.09,4.26,-4.28,-4.26,-4.72,1.87,1.81,1.83
126.03,6.00,4.22,6.02,4.25,-4.28,-4.23,-4.73,1.72,1.74,1.78
127.29,5.95,4.22,5.97,4.24,-4.29,-4.20,-4.73,1.66,1.67,1.73
128.57,5.93,4.26,5.92,4.26,-4.30,-4.16,-4.72,1.63,1.62,1.67
129.85,5.93,4.31,5.94,4.32,-4.31,-4.12,-4.70,1.62,1.63,1.62
131.15,5.93,4.36,5.93,4.37,-4.30,-4.08,-4.68,1.63,1.63,1.57
132.46,5.93,4.41,5.88,4.37,-4.30,-4.04,-4.64,1.63,1.59,1.52
133.79,5.79,4.31,5.82,4.34,-4.29,-3.99,-4.60,1.50,1.52,1.48
135.12,5.69,4.26,5.71,4.28,-4.28,-3.95,-4.55,1.41,1.42,1.43
136.48,5.64,4.25,5.60,4.21,-4.27,-3.90,-4.50,1.37,1.32,1.39
137.84,5.49,4.15,5.53,4.19,-4.26,-3.85,-4.44,1.23,1.27,1.34
139.22,5.47,4.18,5.48,4.19,-4.24,-3.80,-4.38,1.23,1.24,1.29
140.61,5.47,4.22,5.47,4.22,-4.23,-3.75,-4.32,1.24,1.25,1.25
142.02,5.47,4.25,5.46,4.25,-4.22,-3.70,-4.25,1.25,1.25,1.22
143.44,5.46,4.28,5.41,4.24,-4.21,-3.65,-4.17,1.25,1.20,1.18
144.87,5.29,4.15,5.34,4.21,-4.19,-3.60,-4.10,1.10,1.15,1.14
146.32,5.25,4.15,5.26,4.16,-4.17,-3.55,-4.02,1.08,1.09,1.10
147.78,5.19,4.12,5.16,4.10,-4.11,-3.49,-3.94,1.08,1.05,1.07
149.26,5.07,4.04,5.07,4.04,-4.03,-3.44,-3.86,1.04,1.04,1.03
150.75,4.91,3.92,4.94,3.96,-3.92,-3.39,-3.78,0.99,1.03,0.99
152.26,4.80,3.85,4.79,3.84,-3.79,-3.34,-3.69,1.01,1.00,0.95
153.78,4.63,3.72,4.59,3.68,-3.65,-3.28,-3.61,0.98,0.95,0.91
155.32,4.36,3.49,4.36,3.50,-3.49,-3.23,-3.53,0.87,0.87,0.87
156.88,4.10,3.28,4.13,3.31,-3.33,-3.18,-3.45,0.77,0.80,0.83
158.44,3.93,3.14,3.94,3.16,-3.18,-3.13,-3.37,0.75,0.76,0.79
160.03,3.81,3.06,3.79,3.05,-3.06,-3.08,-3.29,0.75,0.73,0.75
161.63,3.68,2.97,3.65,2.94,-2.98,-3.02,-3.21,0.70,0.67,0.71
163.24,3.51,2.84,3.52,2.85,-2.94,-2.97,-3.13,0.57,0.58,0.67
164.88,3.42,2.78,3.46,2.83,-2.94,-2.92,-3.06,0.48,0.52,0.64
166.53,3.46,2.86,3.48,2.88,-2.95,-2.87,-2.98,0.51,0.53,0.60
168.19,3.58,3.02,3.57,3.01,-2.98,-2.82,-2.91,0.60,0.59,0.56
169.87,3.65,3.13,3.63,3.11,-2.99,-2.77,-2.84,0.66,0.63,0.52
171.57,3.65,3.17,3.63,3.15,-3.01,-2.73,-2.77,0.64,0.62,0.48
173.29,3.51,3.06,3.53,3.09,-3.01,-2.68,-2.71,0.50,0.52,0.45
175.02,3.42,3.01,3.40,2.99,-3.00,-2.63,-2.64,0.42,0.40,0.41
176.77,3.23,2.86,3.28,2.91,-2.97,-2.58,-2.58,0.26,0.30,0.37
178.54,3.19,2.86,3.18,2.85,-2.93,-2.54,-2.52,0.26,0.25,0.33
180.32,3.11,2.82,3.08,2.80,-2.86,-2.49,-2.46,0.25,0.22,0.29
182.13,3.01,2.75,3.04,2.79,-2.79,-2.45,-2.41,0.22,0.25,0.26
183.95,2.96,2.74,2.99,2.77,-2.72,-2.40,-2.35,0.24,0.26,0.22
185.79,2.96,2.77,2.90,2.72,-2.66,-2.36,-2.30,0.30,0.24,0.19
187.65,2.80,2.65,2.78,2.63,-2.59,-2.31,-2.25,0.21,0.19,0.15
189.52,2.57,2.45,2.62,2.51,-2.51,-2.27,-2.20,0.06,0.12,0.12
191.42,2.45,2.36,2.45,2.36,-2.40,-2.23,-2.16,0.05,0.04,0.09
193.33,2.33,2.27,2.32,2.26,-2.28,-2.19,-2.11,0.05,0.03,0.06
195.27,2.18,2.15,2.20,2.18,-2.15,-2.15,-2.07,0.03,0.05,0.03
197.22,2.08,2.08,2.06,2.06,-2.02,-2.11,-2.03,0.06,0.04,-0.00
199.19,1.91,1.94,1.89,1.92,-1.90,-2.07,-1.99,0.01,-0.01,-0.03
201.18,1.69,1.74,1.72,1.77,-1.79,-2.03,-1.95,-0.10,-0.07,-0.05
203.19,1.55,1.62,1.55,1.62,-1.69,-1.99,-1.92,-0.14,-0.14,-0.07
205.23,1.43,1.52,1.45,1.54,-1.60,-1.95,-1.88,-0.16,-0.15,-0.09
207.28,1.37,1.47,1.38,1.49,-1.51,-1.92,-1.85,-0.14,-0.12,-0.10
209.35,1.37,1.49,1.31,1.44,-1.42,-1.88,-1.82,-0.05,-0.11,-0.12
211.44,1.24,1.38,1.27,1.41,-1.35,-1.85,-1.79,-0.12,-0.09,-0.14
213.56,1.15,1.30,1.17,1.33,-1.29,-1.81,-1.76,-0.14,-0.12,-0.15
215.69,1.14,1.29,1.06,1.22,-1.23,-1.78,-1.73,-0.09,-0.17,-0.15
217.85,0.93,1.09,1.00,1.16,-1.17,-1.75,-1.70,-0.24,-0.18,-0.16
220.03,0.91,1.08,0.93,1.10,-1.11,-1.71,-1.67,-0.20,-0.18,-0.17
222.23,0.91,1.09,0.85,1.03,-1.05,-1.68,-1.65,-0.14,-0.20,-0.18
224.45,0.80,0.98,0.80,0.98,-0.98,-1.65,-1.62,-0.18,-0.19,-0.18
226.70,0.69,0.87,0.73,0.92,-0.92,-1.62,-1.60,-0.23,-0.19,-0.18
228.96,0.68,0.86,0.69,0.87,-0.86,-1.59,-1.57,-0.18,-0.17,-0.18
231.25,0.68,0.85,0.65,0.83,-0.80,-1.56,-1.55,-0.12,-0.15,-0.17
233.57,0.65,0.82,0.60,0.77,-0.76,-1.54,-1.52,-0.11,-0.16,-0.17
235.90,0.47,0.64,0.53,0.70,-0.72,-1.51,-1.50,-0.25,-0.19,-0.17
238.26,0.46,0.62,0.47,0.63,-0.68,-1.48,-1.48,-0.22,-0.21,-0.16
240.64,0.46,0.61,0.44,0.60,-0.65,-1.46,-1.45,-0.19,-0.21,-0.15
243.05,0.46,0.60,0.46,0.60,-0.62,-1.44,-1.43,-0.16,-0.16,-0.14
245.48,0.46,0.59,0.46,0.60,-0.58,-1.41,-1.40,-0.12,-0.12,-0.13
247.93,0.46,0.58,0.47,0.60,-0.55,-1.39,-1.38,-0.09,-0.07,-0.12
250.41,0.46,0.57,0.44,0.55,-0.51,-1.37,-1.36,-0.05,-0.07,-0.11
252.92,0.41,0.50,0.38,0.47,-0.46,-1.35,-1.33,-0.05,-0.08,-0.09
255.45,0.26,0.33,0.30,0.38,-0.40,-1.34,-1.31,-0.14,-0.09,-0.07
258.00,0.23,0.29,0.26,0.32,-0.31,-1.32,-1.28,-0.08,-0.05,-0.06
260.58,0.23,0.27,0.20,0.25,-0.21,-1.31,-1.26,0.02,-0.00,-0.04
263.19,0.21,0.23,0.15,0.17,-0.11,-1.30,-1.23,0.10,0.04,-0.02
265.82,0.02,0.02,0.08,0.08,-0.04,-1.29,-1.21,-0.02,0.04,-0.00
268.48,0.00,-0.02,0.01,-0.00,-0.01,-1.28,-1.18,-0.01,0.00,0.02
271.16,0.00,-0.04,-0.02,-0.05,-0.03,-1.28,-1.16,-0.03,-0.04,0.04
273.87,0.00,-0.06,-0.02,-0.07,-0.09,-1.28,-1.13,-0.09,-0.11,0.06
276.61,0.00,-0.08,-0.01,-0.08,-0.20,-1.29,-1.11,-0.20,-0.20,0.08
279.38,0.00,-0.10,0.03,-0.06,-0.36,-1.30,-1.08,-0.36,-0.32,0.10
282.17,0.17,0.05,0.13,0.02,-0.56,-1.32,-1.05,-0.39,-0.43,0.12
284.99,0.31,0.17,0.33,0.20,-0.81,-1.34,-1.03,-0.50,-0.48,0.14
287.84,0.61,0.46,0.64,0.48,-1.09,-1.37,-1.00,-0.48,-0.45,0.16
290.72,1.04,0.86,1.04,0.86,-1.40,-1.40,-0.98,-0.36,-0.36,0.18
293.63,1.49,1.29,1.49,1.29,-1.70,-1.45,-0.95,-0.21,-0.21,0.20
296.57,1.97,1.75,1.94,1.72,-1.96,-1.51,-0.93,0.01,-0.02,0.22
299.53,2.32,2.08,2.35,2.12,-2.18,-1.58,-0.90,0.14,0.17,0.24
302.53,2.68,2.42,2.67,2.42,-2.35,-1.65,-0.88,0.33,0.33,0.26
305.55,2.93,2.64,2.89,2.60,-2.45,-1.74,-0.85,0.48,0.43,0.29
308.61,2.96,2.65,2.99,2.68,-2.51,-1.83,-0.83,0.45,0.48,0.31
311.69,2.96,2.62,2.93,2.60,-2.51,-1.93,-0.80,0.45,0.42,0.34
314.81,2.82,2.45,2.79,2.43,-2.47,-2.01,-0.78,0.35,0.33,0.37
317.96,2.60,2.21,2.65,2.27,-2.38,-2.08,-0.76,0.22,0.28,0.39
321.14,2.51,2.10,2.55,2.14,-2.25,-2.12,-0.74,0.26,0.30,0.41
324.35,2.51,2.08,2.49,2.06,-2.10,-2.11,-0.71,0.41,0.38,0.43
327.59,2.47,2.02,2.43,1.99,-1.95,-2.08,-0.69,0.52,0.48,0.45
330.87,2.33,1.86,2.32,1.86,-1.81,-1.99,-0.67,0.52,0.51,0.47
334.18,2.18,1.69,2.21,1.72,-1.69,-1.88,-0.65,0.49,0.52,0.49
337.52,2.06,1.55,2.09,1.58,-1.59,-1.75,-0.63,0.47,0.50,0.51
340.90,2.05,1.52,1.98,1.46,-1.49,-1.62,-0.61,0.56,0.49,0.53
344.30,1.87,1.32,1.90,1.36,-1.41,-1.48,-0.59,0.46,0.50,0.55
347.75,1.82,1.25,1.84,1.28,-1.33,-1.35,-0.57,0.49,0.52,0.57
351.23,1.82,1.23,1.81,1.22,-1.25,-1.23,-0.55,0.57,0.55,0.59
354.74,1.82,1.21,1.83,1.23,-1.19,-1.11,-0.53,0.63,0.64,0.61
358.28,1.82,1.20,1.82,1.20,-1.14,-1.01,-0.52,0.68,0.67,0.62
361.87,1.82,1.18,1.77,1.13,-1.10,-0.92,-0.50,0.72,0.67,0.64
365.49,1.66,1.00,1.70,1.04,-1.04,-0.84,-0.48,0.62,0.66,0.66
369.14,1.61,0.94,1.64,0.97,-0.98,-0.76,-0.46,0.63,0.66,0.67
372.83,1.60,0.91,1.60,0.91,-0.91,-0.70,-0.45,0.69,0.68,0.69
376.56,1.60,0.90,1.56,0.86,-0.85,-0.64,-0.43,0.75,0.71,0.70
380.33,1.50,0.78,1.49,0.78,-0.79,-0.58,-0.42,0.71,0.71,0.72
384.13,1.39,0.66,1.42,0.70,-0.73,-0.53,-0.40,0.66,0.69,0.73
387.97,1.37,0.63,1.37,0.64,-0.68,-0.48,-0.39,0.69,0.70,0.74
391.85,1.37,0.62,1.37,0.62,-0.62,-0.44,-0.37,0.75,0.75,0.75
395.77,1.37,0.60,1.37,0.61,-0.57,-0.40,-0.36,0.80,0.81,0.77
399.73,1.37,0.59,1.34,0.56,-0.51,-0.36,-0.34,0.86,0.82,0.78
403.72,1.28,0.49,1.27,0.49,-0.46,-0.32,-0.33,0.82,0.81,0.79
407.76,1.17,0.37,1.20,0.41,-0.42,-0.28,-0.31,0.75,0.78,0.80
411.84,1.14,0.33,1.15,0.34,-0.39,-0.25,-0.30,0.75,0.76,0.81
415.96,1.14,0.32,1.13,0.32,-0.36,-0.22,-0.28,0.78,0.77,0.82
420.12,1.14,0.31,1.14,0.31,-0.33,-0.19,-0.27,0.81,0.80,0.83
424.32,1.14,0.30,1.14,0.30,-0.31,-0.15,-0.26,0.83,0.83,0.84
428.56,1.14,0.29,1.14,0.30,-0.28,-0.12,-0.24,0.86,0.86,0.85
432.85,1.14,0.28,1.16,0.30,-0.25,-0.10,-0.23,0.89,0.91,0.86
437.18,1.14,0.27,1.14,0.27,-0.21,-0.07,-0.21,0.93,0.93,0.87
441.55,1.14,0.25,1.08,0.20,-0.17,-0.04,-0.20,0.97,0.91,0.89
445.96,0.98,0.08,1.01,0.11,-0.12,-0.01,-0.18,0.86,0.89,0.90
450.42,0.91,0.00,0.94,0.03,-0.08,0.02,-0.17,0.83,0.86,0.91
454.93,0.91,-0.02,0.90,-0.02,-0.04,0.04,-0.15,0.87,0.86,0.93
459.48,0.91,-0.03,0.90,-0.03,-0.00,0.07,-0.14,0.91,0.90,0.94
464.07,0.91,-0.04,0.91,-0.04,0.03,0.10,-0.12,0.94,0.94,0.95
468.71,0.91,-0.06,0.91,-0.05,0.06,0.13,-0.10,0.97,0.97,0.97
473.40,0.91,-0.07,0.91,-0.06,0.09,0.15,-0.08,1.00,1.01,0.98
478.13,0.91,-0.09,0.92,-0.07,0.13,0.18,-0.07,1.04,1.05,1.00
482.91,0.91,-0.10,0.89,-0.12,0.17,0.21,-0.05,1.08,1.06,1.01
487.74,0.86,-0.17,0.83,-0.20,0.21,0.24,-0.03,1.07,1.04,1.03
492.62,0.72,-0.33,0.76,-0.29,0.26,0.26,-0.01,0.98,1.02,1.05
497.55,0.68,-0.38,0.70,-0.36,0.31,0.29,0.01,0.99,1.01,1.06
502.52,0.68,-0.40,0.67,-0.40,0.36,0.32,0.04,1.04,1.03,1.08
507.55,0.68,-0.41,0.68,-0.41,0.40,0.35,0.06,1.08,1.08,1.09
512.62,0.68,-0.43,0.68,-0.43,0.43,0.38,0.08,1.11,1.11,1.11
517.75,0.68,-0.45,0.68,-0.44,0.45,0.41,0.11,1.13,1.13,1.13
522.93,0.68,-0.47,0.68,-0.46,0.46,0.44,0.13,1.14,1.14,1.15
528.16,0.68,-0.48,0.68,-0.48,0.47,0.47,0.16,1.15,1.15,1.16
533.44,0.68,-0.50,0.68,-0.50,0.49,0.50,0.18,1.17,1.17,1.18
538.77,0.68,-0.52,0.68,-0.51,0.52,0.53,0.21,1.20,1.20,1.20
544.16,0.68,-0.54,0.69,-0.52,0.56,0.56,0.24,1.24,1.26,1.22
549.60,0.68,-0.56,0.67,-0.56,0.61,0.60,0.27,1.29,1.28,1.24
555.10,0.66,-0.59,0.61,-0.64,0.66,0.63,0.30,1.32,1.27,1.25
560.65,0.50,-0.77,0.54,-0.73,0.71,0.67,0.33,1.21,1.25,1.27
566.25,0.46,-0.83,0.48,-0.80,0.76,0.70,0.36,1.22,1.24,1.29
571.92,0.46,-0.84,0.45,-0.85,0.80,0.74,0.39,1.26,1.25,1.30
577.64,0.46,-0.85,0.46,-0.85,0.83,0.77,0.43,1.29,1.29,1.31
583.41,0.46,-0.87,0.46,-0.86,0.86,0.81,0.46,1.32,1.32,1.33
589.25,0.46,-0.88,0.46,-0.88,0.88,0.85,0.50,1.34,1.34,1.34
595.14,0.46,-0.90,0.46,-0.89,0.90,0.89,0.53,1.36,1.36,1.36
601.09,0.46,-0.91,0.46,-0.91,0.92,0.93,0.57,1.38,1.38,1.37
607.10,0.46,-0.93,0.48,-0.91,0.96,0.97,0.61,1.42,1.43,1.39
613.17,0.46,-0.95,0.46,-0.95,1.00,1.01,0.64,1.46,1.46,1.41
619.30,0.46,-0.97,0.40,-1.02,1.05,1.06,0.68,1.51,1.45,1.43
625.50,0.29,-1.16,0.33,-1.12,1.10,1.10,0.72,1.39,1.42,1.45
631.75,0.23,-1.23,0.26,-1.20,1.14,1.14,0.77,1.37,1.40,1.46
638.07,0.23,-1.25,0.22,-1.26,1.19,1.19,0.81,1.42,1.40,1.48
644.45,0.23,-1.26,0.22,-1.26,1.23,1.23,0.85,1.46,1.46,1.49
650.89,0.23,-1.28,0.23,-1.27,1.28,1.28,0.89,1.51,1.52,1.51
657.40,0.23,-1.29,0.25,-1.27,1.33,1.32,0.94,1.56,1.58,1.52
663.98,0.23,-1.31,0.22,-1.31,1.37,1.37,0.98,1.60,1.60,1.54
670.62,0.22,-1.33,0.16,-1.38,1.41,1.41,1.03,1.63,1.58,1.55
677.32,0.05,-1.51,0.09,-1.47,1.46,1.46,1.08,1.51,1.55,1.56
684.10,0.00,-1.57,0.02,-1.55,1.50,1.50,1.13,1.50,1.52,1.57
690.94,0.00,-1.59,-0.01,-1.60,1.54,1.54,1.18,1.54,1.53,1.59
697.85,0.00,-1.60,-0.00,-1.60,1.57,1.58,1.23,1.57,1.57,1.60
704.83,0.00,-1.61,-0.00,-1.61,1.60,1.62,1.28,1.60,1.60,1.61
711.87,0.00,-1.62,-0.00,-1.62,1.62,1.66,1.34,1.62,1.62,1.62
718.99,0.00,-1.63,-0.00,-1.62,1.64,1.70,1.39,1.64,1.64,1.63
726.18,0.00,-1.64,0.01,-1.62,1.67,1.73,1.44,1.67,1.68,1.64
733.44,0.00,-1.65,0.00,-1.65,1.70,1.76,1.50,1.70,1.70,1.65
740.78,0.00,-1.67,-0.05,-1.71,1.74,1.79,1.56,1.74,1.69,1.67
748.19,-0.13,-1.81,-0.12,-1.79,1.78,1.82,1.62,1.65,1.67,1.68
755.67,-0.22,-1.90,-0.19,-1.87,1.83,1.84,1.68,1.61,1.64,1.68
763.23,-0.23,-1.92,-0.23,-1.92,1.87,1.86,1.74,1.64,1.64,1.69
770.86,-0.23,-1.93,-0.24,-1.93,1.91,1.88,1.80,1.68,1.67,1.70
778.57,-0.23,-1.94,-0.23,-1.94,1.94,1.90,1.86,1.71,1.71,1.71
786.35,-0.23,-1.95,-0.23,-1.94,1.95,1.91,1.92,1.72,1.72,1.72
794.22,-0.23,-1.95,-0.23,-1.95,1.96,1.93,1.98,1.73,1.73,1.72
802.16,-0.23,-1.96,-0.23,-1.96,1.96,1.94,2.04,1.73,1.73,1.73
810.18,-0.23,-1.97,-0.23,-1.96,1.96,1.95,2.11,1.73,1.73,1.74
818.28,-0.23,-1.97,-0.23,-1.97,1.96,1.96,2.17,1.73,1.73,1.74
826.46,-0.23,-1.98,-0.23,-1.97,1.96,1.97,2.23,1.73,1.73,1.75
834.73,-0.23,-1.98,-0.23,-1.98,1.97,1.97,2.30,1.74,1.74,1.75
843.08,-0.23,-1.99,-0.23,-1.98,1.99,1.98,2.36,1.76,1.76,1.76
851.51,-0.23,-1.99,-0.21,-1.97,2.02,1.99,2.42,1.79,1.80,1.76
860.02,-0.23,-2.00,-0.23,-2.00,2.05,2.00,2.48,1.82,1.82,1.77
868.62,-0.23,-2.00,-0.29,-2.06,2.10,2.00,2.53,1.87,1.80,1.77
877.31,-0.41,-2.19,-0.37,-2.14,2.14,2.01,2.59,1.73,1.78,1.78
886.08,-0.46,-2.25,-0.43,-2.22,2.19,2.02,2.65,1.73,1.75,1.79
894.94,-0.46,-2.26,-0.47,-2.27,2.22,2.03,2.70,1.76,1.75,1.80
903.89,-0.46,-2.26,-0.46,-2.26,2.25,2.04,2.75,1.79,1.78,1.80
912.93,-0.46,-2.27,-0.48,-2.28,2.26,2.05,2.79,1.80,1.78,1.81
922.06,-0.46,-2.28,-0.46,-2.27,2.24,2.06,2.83,1.78,1.79,1.82
931.28,-0.46,-2.28,-0.40,-2.22,2.21,2.07,2.87,1.75,1.81,1.82
940.59,-0.29,-2.12,-0.34,-2.16,2.15,2.08,2.91,1.87,1.82,1.83
950.00,-0.23,-2.07,-0.26,-2.10,2.10,2.10,2.94,1.87,1.83,1.84
959.50,-0.23,-2.08,-0.18,-2.03,2.04,2.11,2.96,1.81,1.86,1.85
969.09,-0.13,-2.00,-0.12,-1.98,1.99,2.13,2.99,1.86,1.87,1.87
978.78,-0.02,-1.90,-0.05,-1.93,1.96,2.14,3.00,1.94,1.90,1.88
988.57,0.00,-1.89,-0.00,-1.89,1.93,2.16,3.02,1.93,1.93,1.89
998.46,0.00,-1.91,0.01,-1.90,1.92,2.17,3.02,1.92,1.93,1.91
1008.44,0.00,-1.93,0.00,-1.92,1.92,2.19,3.02,1.92,1.92,1.93
1018.53,0.00,-1.95,-0.00,-1.95,1.93,2.20,3.02,1.93,1.93,1.95
1028.71,0.00,-1.97,-0.00,-1.97,1.95,2.22,3.01,1.95,1.95,1.97
1039.00,0.00,-1.99,-0.00,-1.98,1.97,2.24,3.00,1.97,1.97,1.99
1049.39,0.00,-2.01,-0.00,-2.01,2.00,2.26,2.98,2.00,2.00,2.01
1059.88,0.00,-2.03,-0.00,-2.03,2.03,2.27,2.95,2.03,2.03,2.03
1070.48,0.00,-2.06,-0.00,-2.06,2.06,2.29,2.93,2.06,2.06,2.06
1081.19,0.00,-2.09,-0.00,-2.08,2.08,2.31,2.90,2.08,2.08,2.09
1092.00,0.00,-2.12,-0.00,-2.11,2.11,2.32,2.86,2.11,2.11,2.12
1102.92,0.00,-2.15,-0.00,-2.15,2.15,2.34,2.82,2.15,2.15,2.15
1113.95,0.00,-2.18,-0.00,-2.18,2.18,2.36,2.78,2.18,2.18,2.18
1125.09,0.00,-2.22,-0.00,-2.22,2.22,2.37,2.74,2.22,2.22,2.22
1136.34,0.00,-2.26,-0.00,-2.26,2.26,2.39,2.69,2.26,2.26,2.26
1147.70,0.00,-2.31,0.00,-2.30,2.30,2.40,2.64,2.30,2.30,2.31
1159.18,0.00,-2.35,0.00,-2.34,2.35,2.41,2.59,2.35,2.35,2.35
1170.77,0.00,-2.39,0.00,-2.39,2.40,2.43,2.54,2.40,2.40,2.39
1182.48,0.00,-2.44,0.00,-2.43,2.45,2.44,2.48,2.45,2.45,2.44
1194.30,0.00,-2.49,-0.00,-2.49,2.48,2.45,2.43,2.48,2.48,2.49
1206.25,0.00,-2.54,-0.01,-2.55,2.51,2.46,2.37,2.51,2.49,2.54
1218.31,0.00,-2.60,0.01,-2.58,2.53,2.46,2.32,2.53,2.54,2.60
1230.49,0.02,-2.63,0.07,-2.58,2.55,2.47,2.26,2.57,2.62,2.65
1242.80,0.18,-2.52,0.14,-2.56,2.58,2.48,2.21,2.76,2.72,2.70
1255.22,0.23,-2.53,0.21,-2.55,2.61,2.48,2.15,2.84,2.82,2.76
1267.78,0.23,-2.59,0.24,-2.57,2.64,2.48,2.10,2.87,2.88,2.82
1280.45,0.23,-2.65,0.23,-2.64,2.68,2.48,2.04,2.91,2.91,2.88
1293.26,0.23,-2.72,0.22,-2.72,2.71,2.48,1.99,2.94,2.94,2.95
1306.19,0.23,-2.78,0.22,-2.79,2.75,2.48,1.93,2.98,2.97,3.01
1319.25,0.23,-2.85,0.25,-2.82,2.78,2.48,1.88,3.01,3.03,3.08
1332.45,0.29,-2.86,0.30,-2.84,2.80,2.47,1.83,3.09,3.11,3.15
1345.77,0.42,-2.80,0.39,-2.83,2.82,2.46,1.78,3.24,3.21,3.22
1359.23,0.46,-2.83,0.48,-2.81,2.82,2.46,1.73,3.28,3.30,3.29
1372.82,0.60,-2.77,0.59,-2.77,2.80,2.44,1.68,3.40,3.39,3.37
1386.55,0.67,-2.77,0.70,-2.73,2.76,2.43,1.64,3.43,3.46,3.44
1400.41,0.85,-2.66,0.80,-2.71,2.70,2.42,1.59,3.55,3.50,3.51
1414.42,0.91,-2.67,0.88,-2.70,2.63,2.40,1.55,3.54,3.52,3.58
1428.56,0.95,-2.71,1.02,-2.63,2.57,2.38,1.50,3.52,3.59,3.66
1442.85,1.16,-2.57,1.20,-2.53,2.51,2.36,1.46,3.67,3.71,3.73
1457.28,1.46,-2.34,1.39,-2.40,2.46,2.34,1.42,3.92,3.85,3.80
1471.85,1.59,-2.28,1.54,-2.32,2.42,2.32,1.38,4.01,3.96,3.87
1486.57,1.60,-2.34,1.63,-2.31,2.39,2.29,1.34,3.99,4.02,3.94
1501.43,1.63,-2.39,1.67,-2.34,2.36,2.26,1.31,3.99,4.04,4.02
1516.45,1.78,-2.33,1.74,-2.36,2.34,2.23,1.27,4.12,4.08,4.11
1531.61,1.82,-2.37,1.83,-2.36,2.32,2.20,1.24,4.14,4.14,4.19
1546.93,1.93,-2.35,1.93,-2.35,2.29,2.17,1.20,4.22,4.22,4.28
1562.40,2.03,-2.34,2.05,-2.32,2.26,2.13,1.17,4.29,4.31,4.37
1578.02,2.22,-2.24,2.24,-2.21,2.20,2.10,1.14,4.42,4.44,4.46
1593.80,2.46,-2.08,2.45,-2.10,2.12,2.06,1.11,4.58,4.56,4.54
1609.74,2.69,-1.95,2.64,-2.00,2.01,2.02,1.08,4.70,4.65,4.64
1625.84,2.80,-1.94,2.82,-1.92,1.90,1.98,1.05,4.70,4.72,4.74
1642.10,2.97,-1.87,3.02,-1.82,1.80,1.94,1.02,4.77,4.82,4.84
1658.52,3.24,-1.71,3.24,-1.70,1.70,1.89,1.00,4.94,4.94,4.95
1675.10,3.53,-1.52,3.47,-1.57,1.62,1.85,0.97,5.15,5.09,5.05
1691.85,3.64,-1.51,3.67,-1.48,1.54,1.80,0.95,5.18,5.21,5.15
1708.77,3.82,-1.44,3.81,-1.45,1.48,1.75,0.92,5.30,5.29,5.26
1725.86,3.92,-1.45,3.92,-1.45,1.42,1.70,0.90,5.34,5.34,5.37
1743.12,4.06,-1.43,4.07,-1.41,1.38,1.65,0.88,5.44,5.45,5.49
1760.55,4.20,-1.40,4.22,-1.38,1.34,1.60,0.86,5.54,5.56,5.60
1778.15,4.43,-1.29,4.40,-1.31,1.32,1.54,0.83,5.75,5.72,5.72
1795.94,4.54,-1.29,4.56,-1.27,1.29,1.49,0.81,5.83,5.85,5.83
1813.90,4.74,-1.21,4.71,-1.24,1.26,1.43,0.79,6.00,5.97,5.95
1832.03,4.81,-1.26,4.83,-1.24,1.23,1.38,0.77,6.04,6.05,6.07
1850.36,4.97,-1.23,4.97,-1.22,1.19,1.32,0.76,6.16,6.17,6.20
1868.86,5.10,-1.22,5.12,-1.20,1.17,1.26,0.74,6.27,6.29,6.32
1887.55,5.32,-1.12,5.30,-1.14,1.15,1.20,0.72,6.47,6.45,6.44
1906.42,5.45,-1.11,5.45,-1.10,1.14,1.14,0.70,6.59,6.59,6.56
1925.49,5.63,-1.06,5.61,-1.08,1.12,1.08,0.68,6.75,6.73,6.69
1944.74,5.70,-1.12,5.72,-1.09,1.10,1.02,0.67,6.80,6.82,6.82
1964.19,5.88,-1.07,5.86,-1.08,1.07,0.96,0.65,6.95,6.93,6.95
1983.83,5.98,-1.09,6.01,-1.06,1.03,0.90,0.64,7.01,7.03,7.07
2003.67,6.20,-1.00,6.17,-1.01,0.97,0.84,0.62,7.17,7.15,7.20
2023.71,6.35,-0.95,6.34,-0.96,0.91,0.78,0.60,7.26,7.26,7.30
2043.94,6.52,-0.89,6.56,-0.85,0.84,0.72,0.59,7.36,7.40,7.41
2064.38,6.76,-0.76,6.75,-0.76,0.76,0.67,0.57,7.52,7.52,7.52
2085.03,7.01,-0.61,6.96,-0.66,0.68,0.61,0.56,7.69,7.64,7.62
2105.88,7.12,-0.61,7.16,-0.57,0.60,0.56,0.55,7.72,7.76,7.73
2126.94,7.33,-0.50,7.33,-0.50,0.53,0.50,0.53,7.86,7.86,7.83
2148.20,7.49,-0.45,7.47,-0.46,0.47,0.45,0.52,7.96,7.94,7.94
2169.69,7.64,-0.40,7.63,-0.40,0.42,0.41,0.50,8.06,8.06,8.04
2191.38,7.73,-0.41,7.76,-0.38,0.38,0.36,0.49,8.11,8.14,8.14
2213.30,7.92,-0.32,7.89,-0.35,0.34,0.31,0.48,8.26,8.23,8.24
2235.43,7.99,-0.36,8.01,-0.34,0.31,0.27,0.46,8.30,8.31,8.35
2257.78,8.16,-0.29,8.16,-0.29,0.26,0.23,0.45,8.42,8.42,8.45
2280.36,8.28,-0.26,8.30,-0.24,0.21,0.20,0.44,8.49,8.52,8.54
2303.17,8.51,-0.13,8.49,-0.15,0.15,0.16,0.42,8.66,8.64,8.64
2326.20,8.64,-0.10,8.64,-0.10,0.09,0.13,0.41,8.73,8.73,8.74
2349.46,8.82,-0.02,8.79,-0.04,0.04,0.09,0.40,8.86,8.83,8.84
2372.95,8.89,-0.03,8.95,0.03,-0.02,0.06,0.38,8.87,8.92,8.92
2396.68,9.10,0.10,9.11,0.12,-0.08,0.03,0.37,9.02,9.03,9.00
2420.65,9.30,0.23,9.23,0.16,-0.15,0.00,0.36,9.15,9.08,9.07
2444.86,9.34,0.19,9.32,0.18,-0.21,-0.03,0.35,9.13,9.11,9.15
2469.31,9.34,0.12,9.41,0.19,-0.25,-0.06,0.34,9.09,9.15,9.22
2494.00,9.48,0.18,9.52,0.23,-0.27,-0.09,0.32,9.21,9.25,9.30
2518.94,9.73,0.36,9.67,0.31,-0.25,-0.13,0.31,9.48,9.42,9.37
2544.13,9.80,0.37,9.79,0.36,-0.20,-0.16,0.30,9.60,9.59,9.43
2569.57,9.80,0.31,9.80,0.31,-0.14,-0.20,0.29,9.66,9.66,9.49
2595.27,9.74,0.18,9.72,0.17,-0.10,-0.24,0.28,9.64,9.62,9.56
2621.22,9.60,-0.02,9.61,-0.00,-0.07,-0.28,0.27,9.53,9.54,9.62
2647.43,9.57,-0.11,9.57,-0.11,-0.08,-0.33,0.25,9.49,9.49,9.68
2673.90,9.57,-0.17,9.63,-0.11,-0.11,-0.37,0.24,9.46,9.51,9.74
2700.64,9.83,0.04,9.83,0.05,-0.18,-0.43,0.23,9.65,9.65,9.79
2727.65,10.12,0.27,10.12,0.28,-0.28,-0.48,0.22,9.84,9.84,9.85
2754.93,10.47,0.57,10.43,0.53,-0.42,-0.54,0.21,10.05,10.01,9.90
2782.48,10.67,0.72,10.65,0.70,-0.58,-0.61,0.20,10.09,10.07,9.95
2810.30,10.82,0.82,10.83,0.84,-0.74,-0.68,0.19,10.08,10.09,10.00
2838.40,10.92,0.88,10.96,0.92,-0.89,-0.75,0.17,10.03,10.07,10.04
2866.79,11.10,1.03,11.06,0.99,-1.00,-0.83,0.16,10.10,10.05,10.07
2895.46,11.16,1.05,11.15,1.05,-1.09,-0.91,0.15,10.07,10.06,10.11
2924.41,11.20,1.06,11.25,1.11,-1.15,-0.99,0.14,10.05,10.10,10.14
2953.65,11.36,1.19,11.35,1.18,-1.19,-1.08,0.13,10.17,10.16,10.17
2983.19,11.48,1.27,11.47,1.27,-1.24,-1.17,0.12,10.24,10.23,10.21
3013.02,11.59,1.35,11.56,1.32,-1.29,-1.26,0.11,10.30,10.26,10.24
3043.15,11.62,1.34,11.62,1.35,-1.34,-1.35,0.10,10.28,10.28,10.28
3073.58,11.62,1.31,11.68,1.38,-1.39,-1.44,0.09,10.23,10.29,10.31
3104.32,11.80,1.45,11.75,1.41,-1.44,-1.52,0.08,10.36,10.31,10.35
3135.36,11.85,1.47,11.85,1.48,-1.49,-1.60,0.07,10.36,10.36,10.38
3166.72,11.92,1.51,11.96,1.55,-1.54,-1.67,0.06,10.38,10.42,10.41
3198.38,12.05,1.63,12.00,1.58,-1.59,-1.73,0.05,10.46,10.41,10.42
3230.37,12.08,1.64,12.07,1.64,-1.65,-1.78,0.04,10.43,10.42,10.44
3262.67,12.08,1.63,12.15,1.70,-1.71,-1.81,0.03,10.37,10.44,10.45
3295.30,12.25,1.78,12.22,1.75,-1.76,-1.83,0.02,10.49,10.46,10.47
3328.25,12.31,1.83,12.28,1.81,-1.80,-1.83,0.01,10.51,10.48,10.48
3361.53,12.31,1.82,12.32,1.84,-1.82,-1.81,-0.00,10.49,10.51,10.49
3395.15,12.31,1.82,12.33,1.84,-1.82,-1.77,-0.01,10.49,10.51,10.49
3429.10,12.31,1.82,12.31,1.83,-1.81,-1.71,-0.02,10.50,10.50,10.49
3463.39,12.31,1.83,12.26,1.78,-1.78,-1.64,-0.02,10.53,10.48,10.48
3498.03,12.16,1.68,12.20,1.72,-1.73,-1.56,-0.03,10.43,10.47,10.48
3533.01,12.09,1.61,12.11,1.64,-1.66,-1.47,-0.03,10.43,10.45,10.48
3568.34,12.06,1.59,12.01,1.55,-1.58,-1.36,-0.04,10.48,10.43,10.47
3604.02,11.89,1.45,11.91,1.47,-1.47,-1.26,-0.04,10.42,10.45,10.44
3640.06,11.77,1.35,11.79,1.37,-1.34,-1.14,-0.04,10.43,10.45,10.42
3676.46,11.65,1.25,11.64,1.25,-1.21,-1.03,-0.04,10.44,10.43,10.40
3713.22,11.49,1.12,11.47,1.10,-1.07,-0.91,-0.04,10.42,10.40,10.37
3750.36,11.25,0.90,11.24,0.90,-0.92,-0.80,-0.04,10.33,10.31,10.35
3787.86,10.99,0.68,11.00,0.70,-0.77,-0.68,-0.04,10.22,10.24,10.31
3825.74,10.76,0.49,10.80,0.54,-0.59,-0.57,-0.03,10.17,10.21,10.27
3864.00,10.65,0.42,10.65,0.42,-0.41,-0.46,-0.03,10.24,10.24,10.23
3902.64,10.51,0.32,10.49,0.30,-0.22,-0.35,-0.02,10.29,10.27,10.19
3941.66,10.31,0.15,10.27,0.11,-0.03,-0.25,-0.01,10.28,10.23,10.16
3981.08,9.96,-0.16,9.97,-0.15,0.15,-0.14,0.01,10.11,10.12,10.12
4020.89,9.65,-0.42,9.68,-0.38,0.34,-0.04,0.02,9.99,10.02,10.07
4061.10,9.39,-0.62,9.44,-0.56,0.52,0.05,0.04,9.91,9.97,10.01
4101.71,9.30,-0.65,9.24,-0.71,0.70,0.15,0.05,10.00,9.95,9.95
4142.73,9.09,-0.81,9.06,-0.83,0.86,0.24,0.07,9.95,9.92,9.90
4184.15,8.83,-1.01,8.87,-0.97,1.00,0.33,0.09,9.83,9.87,9.84
4226.00,8.68,-1.10,8.66,-1.11,1.10,0.42,0.12,9.78,9.76,9.78
4268.26,8.51,-1.21,8.53,-1.18,1.15,0.51,0.14,9.66,9.68,9.72
4310.94,8.44,-1.20,8.45,-1.18,1.15,0.60,0.17,9.59,9.60,9.64
4354.05,8.43,-1.13,8.42,-1.15,1.09,0.69,0.20,9.52,9.51,9.56
4397.59,8.43,-1.06,8.41,-1.07,0.98,0.78,0.23,9.41,9.39,9.49
4441.56,8.43,-0.98,8.42,-0.98,0.84,0.87,0.26,9.27,9.26,9.41
4485.98,8.48,-0.85,8.55,-0.78,0.69,0.96,0.29,9.17,9.24,9.33
4530.84,8.67,-0.58,8.73,-0.51,0.54,1.06,0.33,9.21,9.27,9.25
4576.15,9.00,-0.16,8.87,-0.29,0.44,1.15,0.37,9.44,9.31,9.16
4621.91,8.92,-0.16,8.88,-0.19,0.39,1.25,0.40,9.31,9.27,9.08
4668.13,8.68,-0.31,8.73,-0.26,0.42,1.35,0.44,9.10,9.15,8.99
4714.81,8.42,-0.48,8.45,-0.45,0.53,1.46,0.48,8.95,8.98,8.90
4761.96,8.15,-0.67,8.14,-0.67,0.70,1.57,0.53,8.85,8.85,8.82
4809.58,7.83,-0.89,7.79,-0.93,0.93,1.68,0.57,8.76,8.72,8.72
4857.67,7.38,-1.25,7.38,-1.25,1.19,1.80,0.61,8.57,8.56,8.63
4906.25,6.95,-1.59,6.97,-1.57,1.43,1.93,0.66,8.38,8.40,8.54
4955.31,6.57,-1.87,6.61,-1.83,1.66,2.06,0.71,8.23,8.27,8.44
5004.87,6.37,-1.98,6.37,-1.98,1.85,2.19,0.75,8.22,8.22,8.35
5054.91,6.19,-2.08,6.19,-2.07,2.03,2.34,0.80,8.22,8.23,8.27
5105.46,6.06,-2.13,6.04,-2.15,2.21,2.49,0.85,8.27,8.25,8.19
5156.52,5.83,-2.29,5.83,-2.28,2.39,2.65,0.90,8.22,8.22,8.12
5208.08,5.57,-2.47,5.56,-2.48,2.58,2.82,0.96,8.15,8.14,8.04
5260.16,5.22,-2.74,5.22,-2.74,2.80,3.00,1.01,8.02,8.02,7.96
5312.77,4.83,-3.05,4.83,-3.04,3.07,3.18,1.07,7.90,7.90,7.88
5365.89,4.42,-3.38,4.42,-3.37,3.38,3.38,1.13,7.80,7.80,7.80
5419.55,3.99,-3.73,4.00,-3.72,3.73,3.58,1.18,7.72,7.73,7.72
5473.75,3.59,-4.06,3.59,-4.05,4.09,3.79,1.24,7.68,7.67,7.65
5528.49,3.15,-4.42,3.15,-4.42,4.43,4.01,1.30,7.58,7.58,7.57
5583.77,2.75,-4.74,2.71,-4.78,4.75,4.23,1.37,7.50,7.47,7.49
5639.61,2.27,-5.16,2.32,-5.10,5.04,4.45,1.43,7.31,7.36,7.43
5696.00,1.97,-5.39,2.01,-5.34,5.28,4.67,1.50,7.25,7.29,7.36
5752.96,1.79,-5.51,1.79,-5.51,5.46,4.89,1.57,7.25,7.24,7.30
5810.49,1.63,-5.61,1.64,-5.60,5.57,5.09,1.64,7.20,7.21,7.24
5868.60,1.48,-5.70,1.52,-5.65,5.62,5.29,1.71,7.10,7.14,7.18
5927.28,1.39,-5.73,1.45,-5.66,5.61,5.45,1.78,7.00,7.06,7.12
5986.56,1.37,-5.68,1.43,-5.62,5.57,5.60,1.86,6.94,7.00,7.05
6046.42,1.37,-5.60,1.45,-5.52,5.52,5.70,1.93,6.89,6.97,6.97
6106.89,1.37,-5.51,1.49,-5.39,5.48,5.79,2.01,6.85,6.96,6.88
6167.96,1.37,-5.42,1.49,-5.30,5.44,5.81,2.09,6.81,6.93,6.79
6229.64,1.28,-5.42,1.42,-5.28,5.43,5.82,2.18,6.71,6.85,6.70
6291.93,1.05,-5.56,1.27,-5.35,5.42,5.76,2.26,6.47,6.69,6.61
6354.85,0.78,-5.75,1.12,-5.42,5.40,5.69,2.35,6.18,6.52,6.53
6418.40,0.52,-5.93,1.01,-5.45,5.36,5.56,2.44,5.88,6.37,6.45
6482.58,0.44,-5.94,0.96,-5.43,5.30,5.42,2.53,5.74,6.26,6.38
6547.41,0.23,-6.07,0.96,-5.35,5.21,5.25,2.62,5.44,6.17,6.30
6612.88,0.04,-6.18,1.05,-5.18,5.09,5.07,2.71,5.13,6.15,6.22
6679.01,0.00,-6.14,1.20,-4.95,4.95,4.87,2.80,4.95,6.15,6.14
6745.80,0.12,-5.94,1.39,-4.67,4.79,4.66,2.90,4.91,6.18,6.06
6813.26,-0.02,-5.99,1.53,-4.44,4.61,4.46,2.99,4.59,6.14,5.97
6881.39,-0.29,-6.16,1.56,-4.32,4.43,4.26,3.09,4.14,5.99,5.87
6950.21,-0.84,-6.62,1.53,-4.25,4.25,4.06,3.18,3.41,5.78,5.78
7019.71,-1.40,-7.09,1.52,-4.16,4.06,3.87,3.27,2.66,5.58,5.69
7089.91,-1.84,-7.44,1.57,-4.00,3.88,3.69,3.36,2.04,5.45,5.60
7160.81,-2.13,-7.63,1.68,-3.78,3.69,3.52,3.45,1.56,5.38,5.50
7232.41,-2.12,-7.51,1.83,-3.52,3.49,3.36,3.54,1.37,5.33,5.39
7304.74,-1.98,-7.26,1.98,-3.26,3.28,3.20,3.62,1.30,5.26,5.28
7377.79,-1.65,-6.82,2.11,-3.01,3.07,3.06,3.69,1.41,5.17,5.17
7451.56,-1.13,-6.19,2.20,-2.80,2.85,2.93,3.77,1.72,5.05,5.06
7526.08,-0.39,-5.34,2.26,-2.62,2.66,2.81,3.83,2.27,4.92,4.95
7601.34,0.44,-4.41,2.29,-2.48,2.50,2.70,3.90,2.94,4.79,4.85
7677.35,1.35,-3.40,2.28,-2.36,2.38,2.60,3.94,3.73,4.66,4.75
7754.13,2.12,-2.53,2.25,-2.28,2.28,2.50,3.99,4.40,4.53,4.65
7831.67,2.79,-1.76,2.19,-2.21,2.20,2.42,4.02,4.99,4.39,4.55
7909.98,3.34,-1.11,2.13,-2.15,2.13,2.34,4.05,5.47,4.26,4.45
7989.08,3.76,-0.59,2.05,-2.11,2.08,2.28,4.07,5.84,4.12,4.35
8068.98,4.12,-0.12,1.97,-2.06,2.04,2.21,4.08,6.16,4.00,4.24
8149.67,4.40,0.27,1.89,-2.01,2.01,2.16,4.07,6.41,3.89,4.13
8231.16,4.72,0.71,1.80,-1.97,1.99,2.10,4.06,6.71,3.79,4.01
8313.47,5.10,1.20,1.69,-1.95,1.99,2.06,4.03,7.09,3.68,3.90
8396.61,5.59,1.80,1.55,-1.97,2.00,2.02,4.01,7.59,3.55,3.79
8480.57,6.22,2.54,1.39,-2.00,2.02,1.99,3.96,8.24,3.41,3.68
8565.38,6.98,3.43,1.22,-2.05,2.05,1.96,3.92,9.03,3.26,3.55
8651.03,7.81,4.39,1.04,-2.10,2.09,1.94,3.86,9.90,3.12,3.42
8737.54,8.60,5.31,0.86,-2.15,2.13,1.92,3.80,10.73,2.99,3.29
8824.92,9.28,6.12,0.70,-2.20,2.18,1.91,3.73,11.46,2.87,3.16
8913.17,9.86,6.83,0.53,-2.24,2.23,1.89,3.66,12.09,2.76,3.03
9002.30,10.30,7.39,0.37,-2.27,2.27,1.88,3.58,12.57,2.65,2.91
9092.32,10.64,7.88,0.21,-2.31,2.33,1.88,3.51,12.97,2.54,2.76
9183.25,10.71,8.10,0.05,-2.36,2.38,1.88,3.42,13.09,2.43,2.61
9275.08,10.71,8.25,-0.13,-2.42,2.44,1.88,3.34,13.15,2.31,2.46
9367.83,10.83,8.51,-0.33,-2.50,2.51,1.88,3.26,13.34,2.18,2.32
9461.51,10.92,8.75,-0.52,-2.58,2.58,1.89,3.18,13.50,2.06,2.17
9556.12,10.94,8.93,-0.70,-2.65,2.65,1.90,3.09,13.59,1.95,2.01
9651.68,10.72,8.89,-0.88,-2.72,2.71,1.91,3.01,13.43,1.83,1.83
9748.20,10.11,8.45,-1.05,-2.78,2.76,1.92,2.93,12.87,1.71,1.66
9845.68,9.24,7.76,-1.21,-2.83,2.80,1.93,2.85,12.04,1.59,1.48
9944.14,8.28,6.97,-1.34,-2.86,2.83,1.95,2.78,11.11,1.49,1.31
10043.58,7.24,6.10,-1.42,-2.84,2.84,1.97,2.71,10.08,1.42,1.14
10144.02,6.34,5.37,-1.58,-2.83,2.84,1.99,2.64,9.18,1.26,0.97
10245.46,5.45,4.65,-1.74,-2.82,2.84,2.01,2.57,8.29,1.10,0.80
10347.91,4.40,3.77,-1.91,-2.81,2.83,2.03,2.51,7.23,0.92,0.63
10451.39,3.01,2.55,-2.07,-2.80,2.81,2.05,2.45,5.82,0.74,0.46
10555.91,1.31,1.02,-2.24,-2.79,2.80,2.08,2.40,4.11,0.55,0.29
10661.46,-0.77,-0.88,-2.42,-2.79,2.78,2.10,2.34,2.01,0.37,0.11
10768.08,-3.25,-3.16,-2.59,-2.78,2.78,2.13,2.30,-0.47,0.19,-0.09
10875.76,-6.27,-5.99,-2.77,-2.77,2.77,2.16,2.25,-3.50,-0.00,-0.28
10984.52,-12.53,-12.05,-2.95,-2.76,2.76,2.18,2.22,-9.77,-0.19,-0.48
11094.36,-19.47,-18.79,-3.13,-2.75,2.75,2.21,2.18,-16.72,-0.38,-0.68
11205.31,-23.58,-22.71,-3.31,-2.74,2.74,2.24,2.15,-20.84,-0.57,-0.87
11317.36,-21.58,-20.49,-3.50,-2.73,2.73,2.27,2.13,-18.85,-0.77,-1.09
11430.53,-18.05,-16.74,-3.69,-2.72,2.72,2.29,2.11,-15.33,-0.97,-1.31
11544.84,-15.54,-14.02,-3.88,-2.71,2.71,2.32,2.09,-12.83,-1.17,-1.52
11660.29,-13.70,-11.96,-4.08,-2.71,2.71,2.35,2.08,-10.99,-1.37,-1.74
11776.89,-12.38,-10.42,-4.27,-2.70,2.70,2.38,2.07,-9.68,-1.58,-1.96
11894.66,-11.23,-9.08,-4.47,-2.69,2.69,2.41,2.07,-8.54,-1.78,-2.15
12013.60,-10.34,-7.99,-4.67,-2.68,2.68,2.43,2.08,-7.66,-1.99,-2.35
12133.74,-9.74,-7.20,-4.88,-2.67,2.67,2.46,2.09,-7.07,-2.21,-2.54
12255.08,-9.32,-6.59,-5.09,-2.66,2.66,2.49,2.10,-6.66,-2.42,-2.73
12377.63,-9.36,-6.44,-5.29,-2.66,2.66,2.51,2.13,-6.70,-2.64,-2.92
12501.41,-10.05,-6.94,-5.51,-2.65,2.65,2.54,2.15,-7.40,-2.86,-3.11
12626.42,-13.34,-10.04,-5.72,-2.64,2.64,2.56,2.19,-10.70,-3.08,-3.30
12752.68,-17.18,-13.69,-5.94,-2.63,2.63,2.59,2.23,-14.55,-3.30,-3.49
12880.21,-18.90,-15.22,-6.16,-2.63,2.63,2.61,2.28,-16.27,-3.53,-3.68
13009.01,-16.30,-12.43,-6.38,-2.62,2.62,2.63,2.33,-13.68,-3.76,-3.87
13139.10,-12.24,-8.18,-6.60,-2.61,2.61,2.65,2.40,-9.63,-3.99,-4.06
13270.49,-8.41,-4.17,-6.83,-2.60,2.60,2.68,2.48,-5.80,-4.22,-4.24
13403.20,-5.84,-1.45,-7.06,-2.60,2.60,2.70,2.56,-3.24,-4.46,-4.39
13537.23,-4.83,-0.28,-7.29,-2.59,2.59,2.71,2.66,-2.24,-4.70,-4.55
13672.60,-4.71,0.00,-7.52,-2.58,2.58,2.73,2.77,-2.13,-4.94,-4.71
13809.33,-4.59,0.28,-7.76,-2.58,2.58,2.75,2.88,-2.01,-5.18,-4.87
13947.42,-4.45,0.58,-8.00,-2.57,2.57,2.77,3.02,-1.88,-5.43,-5.03
14086.90,-4.22,0.96,-8.24,-2.57,2.57,2.78,3.16,-1.65,-5.68,-5.18
14227.77,-4.44,0.87,-8.49,-2.56,2.56,2.80,3.32,-1.88,-5.93,-5.31
14370.04,-5.13,0.32,-8.73,-2.55,2.55,2.81,3.49,-2.58,-6.18,-5.45
14513.74,-6.18,-0.59,-8.98,-2.55,2.55,2.83,3.68,-3.63,-6.43,-5.59
14658.88,-7.45,-1.73,-9.23,-2.54,2.54,2.84,3.88,-4.91,-6.69,-5.72
14805.47,-8.65,-2.79,-9.49,-2.53,2.53,2.85,4.09,-6.12,-6.95,-5.86
14953.52,-9.86,-3.86,-9.74,-2.53,2.53,2.86,4.31,-7.33,-7.21,-6.00
15103.06,-11.20,-5.03,-10.00,-2.52,2.52,2.87,4.53,-8.68,-7.48,-6.17
15254.09,-12.54,-6.19,-10.26,-2.52,2.52,2.88,4.74,-10.02,-7.75,-6.35
15406.63,-13.65,-7.12,-10.53,-2.51,2.51,2.89,4.94,-11.14,-8.02,-6.53
15560.70,-14.53,-7.81,-10.79,-2.51,2.51,2.90,5.12,-12.02,-8.29,-6.72
15716.30,-15.11,-8.21,-11.06,-2.50,2.50,2.91,5.24,-12.61,-8.56,-6.90
15873.47,-15.64,-8.56,-11.33,-2.50,2.50,2.91,5.33,-13.14,-8.84,-7.08
16032.20,-16.61,-9.32,-11.61,-2.49,2.49,2.92,5.32,-14.12,-9.12,-7.29
16192.52,-17.89,-10.31,-11.88,-2.49,2.49,2.92,5.26,-15.40,-9.40,-7.58
16354.45,-18.11,-10.24,-12.16,-2.48,2.48,2.93,5.10,-15.63,-9.68,-7.87
16517.99,-16.35,-8.19,-12.44,-2.48,2.48,2.93,4.90,-13.87,-9.97,-8.16
16683.17,-14.13,-5.68,-12.73,-2.47,2.47,2.94,4.61,-11.66,-10.25,-8.45
16850.01,-12.50,-3.76,-13.01,-2.47,2.47,2.94,4.30,-10.03,-10.55,-8.74
17018.51,-11.56,-2.51,-13.30,-2.46,2.46,2.94,3.94,-9.10,-10.84,-9.05
17188.69,-11.28,-1.75,-13.59,-2.46,2.46,2.95,3.58,-8.82,-11.13,-9.53
17360.58,-11.84,-1.84,-13.89,-2.46,2.46,2.95,3.22,-9.38,-11.43,-10.00
17534.18,-12.53,-2.05,-14.18,-2.45,2.45,2.95,2.88,-10.08,-11.73,-10.48
17709.53,-13.08,-2.13,-14.48,-2.45,2.45,2.95,2.55,-10.63,-12.03,-10.95
17886.62,-13.42,-1.99,-14.78,-2.44,2.44,2.95,2.24,-10.98,-12.34,-11.43
18065.49,-13.10,-1.10,-15.09,-2.44,2.44,2.95,1.96,-10.66,-12.65,-12.00
18246.14,-12.21,0.53,-15.39,-2.44,2.44,2.96,1.71,-9.77,-12.96,-12.74
18428.60,-11.07,2.41,-15.70,-2.43,2.43,2.96,1.48,-8.64,-13.27,-13.48
18612.89,-9.97,4.26,-16.01,-2.43,2.43,2.96,1.27,-7.54,-13.58,-14.23
18799.02,-9.85,5.12,-16.33,-2.43,2.43,2.96,1.09,-7.42,-13.90,-14.97
18987.01,-10.62,5.09,-16.64,-2.42,2.42,2.96,0.93,-8.20,-14.22,-15.71
19176.88,-11.61,5.14,-16.96,-2.42,2.42,2.96,0.78,-9.19,-14.54,-16.75
19368.65,-12.54,5.28,-17.28,-2.42,2.42,2.96,0.66,-10.12,-14.86,-17.82
19562.33,-13.95,4.93,-17.60,-2.42,2.42,2.96,0.55,-11.53,-15.19,-18.88
19757.96,-17.18,2.77,-17.93,-2.41,2.41,2.96,0.44,-14.77,-15.52,-19.95
19955.54,-22.70,-1.69,-18.26,-2.41,2.41,2.96,0.33,-20.29,-15.85,-21.01
